{
  "Port Info": {
    "Port ID: 1 and coords: (40.7128, -74.0060)": {
      "Containers": {
        "Basic": [],
        "Heavy": [],
        "Refrigerated": [],
        "Liquid": []
      },
      "Ships": {},
      "Ship Containers": {},
      "Container Items": {}
    },
    "Port ID: 2 and coords: (34.0522, -118.2437)": {
      "Containers": {
        "Basic": [],
        "Heavy": [],
        "Refrigerated": [],
        "Liquid": []
      },
      "Ships": {},
      "Ship Containers": {},
      "Container Items": {}
    }
  }
}
